"dataid","success","I_c","phi_0","f","T","r","C","r_squared","adj_r_squared","rmse","mae","residual_mean","residual_std"
394Ic,true,0.000002678480983264734,-0.8891055269784733,121416.29601990721,0.6312794147087514,-0.009687522779301098,0.000015522063622890933,0.9636117787486634,0.9619824554090514,4.5834897544869285e-7,3.426898938878453e-7,-2.4737131177182246e-10,0.45834897544869274
401Ic,true,0.000010600862126163297,2.3910193708694463,99.80565081647305,8.790320826856447e-23,-0.00029684708383917,0.000011848846379343007,0.6508894164551351,0.6352575992814845,0.000005474117702717983,0.0000041788243548634795,-1.497772604759551e-8,5.474117702717983
175Ic,true,0.00004246533534705484,0.28061859841095893,63.231746476709766,1.2583691495525514e-31,0.00093378887495044,0.0000200292036100725,0.5747610630205362,0.49971889767121913,0.000022871629476224318,0.000018259826217681666,2.4842152400213575e-8,11.435814738112173
