{
  "target_files": [
    386,
    381,
    418,
    397,
    394,
    416,
    396,
    407,
    380
  ],
  "analysis_timestamp": "2025-06-07T19:54:59.756302",
  "total_files_found": 9,
  "parameter_analysis": {
    "I_c": {
      "mean": 3.367508785677778e-06,
      "std": 7.450269883355407e-07,
      "min": 2.4981457439e-06,
      "max": 4.4381033808e-06,
      "median": 3.6236553986e-06,
      "count": 9
    },
    "phi_0": {
      "mean": -0.2413678083207893,
      "std": 1.707640401793921,
      "min": -1.949437552738336,
      "max": 3.1170137808040628,
      "median": -0.8982801982970109,
      "count": 9
    },
    "f": {
      "mean": 126117.09256154133,
      "std": 2256.1008859496687,
      "min": 121416.29600458128,
      "max": 129108.30826018236,
      "median": 126358.52587739618,
      "count": 9
    },
    "T": {
      "mean": 0.5862112587730585,
      "std": 0.16495360568783274,
      "min": 0.3188062735611382,
      "max": 0.7980303415840017,
      "median": 0.6335237355163792,
      "count": 9
    },
    "r": {
      "mean": -0.008527747083579878,
      "std": 0.014374363159580177,
      "min": -0.033930888142816,
      "max": 0.0062796175922461,
      "median": -0.0040195780571799,
      "count": 9
    },
    "C": {
      "mean": 2.2094578041e-05,
      "std": 5.5344367974245146e-06,
      "min": 1.55220636222e-05,
      "max": 2.95021038919e-05,
      "median": 2.39181574278e-05,
      "count": 9
    }
  },
  "quality_analysis": {
    "r_squared": {
      "mean": 0.9581166341139328,
      "std": 0.008069927157716589,
      "min": 0.946490120004988,
      "max": 0.9678422164640076,
      "median": 0.959215212653722,
      "count": 9
    },
    "adj_r_squared": {
      "mean": 0.9562412595220194,
      "std": 0.008431267179703866,
      "min": 0.944094155229092,
      "max": 0.9664023157086646,
      "median": 0.9573890281456798,
      "count": 9
    },
    "rmse": {
      "mean": 6.059310929006149e-07,
      "std": 1.1070621609295344e-07,
      "min": 4.583489754486834e-07,
      "max": 7.3673051172177e-07,
      "median": 6.069538330607133e-07,
      "count": 9
    },
    "mae": {
      "mean": 4.6460401518916265e-07,
      "std": 9.313961563240792e-08,
      "min": 3.4268989364952354e-07,
      "max": 5.926652286299113e-07,
      "median": 4.778744962931603e-07,
      "count": 9
    }
  },
  "file_details": [
    {
      "dataid": "386Ic",
      "success": true,
      "parameters": {
        "I_c": 4.0675572439e-06,
        "phi_0": -1.439831327902779,
        "f": 127761.36889545905,
        "T": 0.4346744137304134,
        "r": -0.0040195780571799,
        "C": 2.58762944871e-05
      },
      "quality_metrics": {
        "r_squared": 0.9655749262985353,
        "adj_r_squared": 0.964033505088022,
        "rmse": 6.325550151033859e-07,
        "mae": 4.7943169880866e-07
      }
    },
    {
      "dataid": "381Ic",
      "success": true,
      "parameters": {
        "I_c": 4.4381033808e-06,
        "phi_0": 1.9969120798022053,
        "f": 126358.52587739618,
        "T": 0.3188062735611382,
        "r": 0.0018248086667517,
        "C": 2.95021038919e-05
      },
      "quality_metrics": {
        "r_squared": 0.959215212653722,
        "adj_r_squared": 0.9573890281456798,
        "rmse": 7.103174496757258e-07,
        "mae": 5.507841531335875e-07
      }
    },
    {
      "dataid": "418Ic",
      "success": true,
      "parameters": {
        "I_c": 3.9703948376e-06,
        "phi_0": -0.8982801982970109,
        "f": 125183.00799512355,
        "T": 0.3909202602108235,
        "r": -0.0293039595854319,
        "C": 2.56385733741e-05
      },
      "quality_metrics": {
        "r_squared": 0.9489630759660446,
        "adj_r_squared": 0.9466778405615393,
        "rmse": 7.3673051172177e-07,
        "mae": 5.926652286299113e-07
      }
    },
    {
      "dataid": "397Ic",
      "success": true,
      "parameters": {
        "I_c": 2.4981457439e-06,
        "phi_0": -1.2217636468411848,
        "f": 125765.95659899116,
        "T": 0.7404808654635324,
        "r": 0.0008084794112677,
        "C": 1.60719001368e-05
      },
      "quality_metrics": {
        "r_squared": 0.9570710249467662,
        "adj_r_squared": 0.9551488320339347,
        "rmse": 5.057394510805819e-07,
        "mae": 3.70975343395859e-07
      }
    },
    {
      "dataid": "394Ic",
      "success": true,
      "parameters": {
        "I_c": 2.6784809804e-06,
        "phi_0": -0.8891055287801861,
        "f": 121416.29600458128,
        "T": 0.6312794164121348,
        "r": -0.0096875227503422,
        "C": 1.55220636222e-05
      },
      "quality_metrics": {
        "r_squared": 0.9636117787486648,
        "adj_r_squared": 0.9619824554090528,
        "rmse": 4.583489754486834e-07,
        "mae": 3.4268989364952354e-07
      }
    },
    {
      "dataid": "416Ic",
      "success": true,
      "parameters": {
        "I_c": 2.6435808357e-06,
        "phi_0": -1.0730056167332735,
        "f": 127631.46337209664,
        "T": 0.6653056900635784,
        "r": 0.0062796175922461,
        "C": 1.64729063587e-05
      },
      "quality_metrics": {
        "r_squared": 0.9648026433005572,
        "adj_r_squared": 0.9632266422543134,
        "rmse": 4.6146344891830385e-07,
        "mae": 3.490258578880954e-07
      }
    },
    {
      "dataid": "396Ic",
      "success": true,
      "parameters": {
        "I_c": 3.723097219e-06,
        "phi_0": -1.949437552738336,
        "f": 124583.68625923284,
        "T": 0.6335237355163792,
        "r": -0.0116406611850189,
        "C": 2.39181574278e-05
      },
      "quality_metrics": {
        "r_squared": 0.9678422164640076,
        "adj_r_squared": 0.9664023157086646,
        "rmse": 6.063356346929936e-07,
        "mae": 4.6290523065872515e-07
      }
    },
    {
      "dataid": "407Ic",
      "success": true,
      "parameters": {
        "I_c": 3.6236553986e-06,
        "phi_0": 3.1170137808040628,
        "f": 127245.21979080905,
        "T": 0.6628803324155239,
        "r": -0.033930888142816,
        "C": 2.77995423901e-05
      },
      "quality_metrics": {
        "r_squared": 0.94947870864211,
        "adj_r_squared": 0.9472165612678762,
        "rmse": 7.349355164033754e-07,
        "mae": 5.550842342449418e-07
      }
    },
    {
      "dataid": "380Ic",
      "success": true,
      "parameters": {
        "I_c": 2.6645634312e-06,
        "phi_0": 0.1851877357993987,
        "f": 129108.30826018236,
        "T": 0.7980303415840017,
        "r": 0.0029199802983045,
        "C": 1.80496606803e-05
      },
      "quality_metrics": {
        "r_squared": 0.946490120004988,
        "adj_r_squared": 0.944094155229092,
        "rmse": 6.069538330607133e-07,
        "mae": 4.778744962931603e-07
      }
    }
  ]
}